final_rank,score,raw_score,상품코드,상품명,인물,출판사,중복횟수,순위,출처파일
1,2.6299250563310483,13.665491452991454,9791141602451,절창,구병모,문학동네,27,20,../data/raw/top-list\교보문고_종합_베스트셀러_상품리스트 (22).xlsx
2,2.540149684339829,15.45112732125116,9788925588735,프로젝트 헤일메리,앤디 위어,알에이치코리아,37,2,../data/raw/top-list\교보문고_종합_베스트셀러_상품리스트 (14).xlsx
3,2.249527715509208,11.688888888888886,9791194530701,괴테는 모든 것을 말했다,스즈키 유이,리프,27,9,../data/raw/top-list\교보문고_종합_베스트셀러_상품리스트 (14).xlsx
4,2.1578856010048,14.950269991446461,9788936439743,혼모노,성해나,창비,48,17,../data/raw/top-list\교보문고_종합_베스트셀러_상품리스트 (14).xlsx
5,2.1252110624248,14.256349206349206,9791199305304,자몽살구클럽,한로로,어센틱,45,7,../data/raw/top-list\교보문고_종합_베스트셀러_상품리스트 (14).xlsx
6,1.9293121495419996,13.366666666666667,9788998441012,모순,양귀자,쓰다,48,5,../data/raw/top-list\교보문고_종합_베스트셀러_상품리스트 (14).xlsx
7,1.8050716804958553,8.2718776106934,9791170612759,가공범,히가시노 게이고,북다,21,19,../data/raw/top-list\교보문고_종합_베스트셀러_상품리스트 (38).xlsx
8,1.4684060076042238,10.066884401288426,9791141602376,안녕이라 그랬어(집에디션 리커버),김애란,문학동네,47,4,../data/raw/top-list\교보문고_종합_베스트셀러_상품리스트 (14).xlsx
9,1.3650466624880038,9.054695201599227,9788937460586,싯다르타,헤르만 헤세,민음사,44,1,../data/raw/top-list\교보문고_종합_베스트셀러_상품리스트 (14).xlsx
10,1.0346560846560846,3.103968253968254,9791159921445,사탄탱고,크러스너호르커이 라슬로,알마,9,15,../data/raw/top-list\교보문고_종합_베스트셀러_상품리스트 (38).xlsx
11,0.8754000841247566,3.9149081912239807,9791124038192,나의 완벽한 장례식,조현선,북로망스,20,19,../data/raw/top-list\교보문고_종합_베스트셀러_상품리스트 (18).xlsx
12,0.8689012605199126,6.01992451992452,9788937473401,급류,정대건,민음사,48,12,../data/raw/top-list\교보문고_종합_베스트셀러_상품리스트 (14).xlsx
13,0.7458333333333333,1.4916666666666667,9791124038499,리치먼드힐의 이층 버스,이경진,북플레저,4,8,../data/raw/top-list\교보문고_종합_베스트셀러_상품리스트 (14).xlsx
14,0.7120516149193351,4.77658744334441,9788936434120,소년이 온다,한강,창비,45,15,../data/raw/top-list\교보문고_종합_베스트셀러_상품리스트 (17).xlsx
15,0.583889988754651,1.9365440115440113,9791141603250,제17회 젊은작가상 수상작품집(2026),김채원 외,문학동네,11,20,../data/raw/top-list\교보문고_종합_베스트셀러_상품리스트 (16).xlsx
16,0.5619802568407478,1.589520202020202,9791197221989,"첫 여름, 완주",김금희,무제(MUZE),8,16,../data/raw/top-list\교보문고_종합_베스트셀러_상품리스트 (54).xlsx
17,0.4939627583751069,1.2099567099567097,9791198547514,수족관,유래혁,포스터샵,6,3,../data/raw/top-list\교보문고_종합_베스트셀러_상품리스트 (14).xlsx
18,0.47697503047348244,2.384875152367412,9788925554990,스토너,존 윌리엄스,알에이치코리아,25,17,../data/raw/top-list\교보문고_종합_베스트셀러_상품리스트 (36).xlsx
19,0.45694279660970244,2.6644114657272553,9788937461798,브람스를 좋아하세요,프랑수아즈 사강,민음사,34,11,../data/raw/top-list\교보문고_종합_베스트셀러_상품리스트 (14).xlsx
20,0.41546834630314844,2.3866839429919926,9788998441074,나는 소망한다 내게 금지된 것을,양귀자,쓰다,33,19,../data/raw/top-list\교보문고_종합_베스트셀러_상품리스트 (29).xlsx
21,0.41335978835978837,1.2400793650793651,9791168343108,양면의 조개껍데기(리커버 특별판),김초엽,래빗홀,9,20,../data/raw/top-list\교보문고_종합_베스트셀러_상품리스트 (45).xlsx
22,0.384427501876701,1.017099567099567,9788932925349,키메라의 땅 1,베르나르 베르베르,열린책들,7,15,../data/raw/top-list\교보문고_종합_베스트셀러_상품리스트 (48).xlsx
23,0.38040702497027423,1.371577034077034,9791194413394,궤도,서맨사 하비,서해문집,13,16,../data/raw/top-list\교보문고_종합_베스트셀러_상품리스트 (48).xlsx
24,0.3757784928717678,1.8409311276958336,9788936434595,채식주의자,한강,창비,24,16,../data/raw/top-list\교보문고_종합_베스트셀러_상품리스트 (38).xlsx
25,0.3738070891026266,1.182081807081807,9791193078709,아무도 오지 않는 곳에서,천선란,허블,10,13,../data/raw/top-list\교보문고_종합_베스트셀러_상품리스트 (38).xlsx
26,0.3657868336329242,2.22499444569878,9788937460449,데미안,헤르만 헤세,민음사,37,14,../data/raw/top-list\교보문고_종합_베스트셀러_상품리스트 (14).xlsx
27,0.36022784516245226,1.2988199665831242,9791171715503,죽은 왕녀를 위한 파반느(양장 특별판),박민규,위즈덤하우스,13,18,../data/raw/top-list\교보문고_종합_베스트셀러_상품리스트 (25).xlsx
28,0.34047230299260534,1.12921888053467,9791124038338,바다에서 온 소년,개럿 카,북파머스,11,12,../data/raw/top-list\교보문고_종합_베스트셀러_상품리스트 (16).xlsx
29,0.30856318895437157,0.8727484933367287,9791194930136,장미와 나이프,히가시노 게이고,반타,8,17,../data/raw/top-list\교보문고_종합_베스트셀러_상품리스트 (54).xlsx
30,0.30805613912231555,1.2322245564892622,9788954682152,작별하지 않는다,한강,문학동네,16,16,../data/raw/top-list\교보문고_종합_베스트셀러_상품리스트 (23).xlsx
31,0.2879726399095449,1.1153132385330529,9788954681155,홍학의 자리,정해연,엘릭시르,15,19,../data/raw/top-list\교보문고_종합_베스트셀러_상품리스트 (19).xlsx
32,0.28317881078690516,0.6332070707070707,9788936439880,할매,황석영,창비,5,18,../data/raw/top-list\교보문고_종합_베스트셀러_상품리스트 (34).xlsx
33,0.26071428571428573,0.5214285714285715,9791170526643,어스탐 경의 임사전언,이영도,황금가지,4,14,../data/raw/top-list\교보문고_종합_베스트셀러_상품리스트 (39).xlsx
34,0.2588972431077694,0.7766917293233082,9791167376275,내 심장을 쏴라,정유정,은행나무,9,19,../data/raw/top-list\교보문고_종합_베스트셀러_상품리스트 (27).xlsx
35,0.25045136608604096,0.7513540982581229,9791194654063,긴키 지방의 어느 장소에 대하여,세스지 외,반타,9,22,../data/raw/top-list\교보문고_종합_베스트셀러_상품리스트 (44).xlsx
36,0.24933824052416667,0.7052350427350428,9788925588711,아르테미스(스페셜 에디션),앤디 위어,알에이치코리아,8,16,../data/raw/top-list\교보문고_종합_베스트셀러_상품리스트 (21).xlsx
37,0.24844752197693376,0.7453425659308013,9791193937822,월요일 수요일 토요일,페트라 펠리니,북파머스,9,20,../data/raw/top-list\교보문고_종합_베스트셀러_상품리스트 (44).xlsx
38,0.2400734742840006,0.7202204228520018,9788937460708,체호프 단편선,안톤 체호프,민음사,9,20,../data/raw/top-list\교보문고_종합_베스트셀러_상품리스트 (14).xlsx
39,0.23800466711650922,0.9520186684660369,9791167372864,구의 증명(리커버판),최진영,은행나무,16,20,../data/raw/top-list\교보문고_종합_베스트셀러_상품리스트 (17).xlsx
40,0.23345728345728345,0.7003718503718503,9791191043297,"오늘 밤, 세계에서 이 사랑이 사라진다 해도",이치조 미사키,모모,9,20,../data/raw/top-list\교보문고_종합_베스트셀러_상품리스트 (29).xlsx
41,0.218866384652979,0.30952380952380953,9788932925783,영혼의 왈츠 1,베르나르 베르베르,열린책들,2,6,../data/raw/top-list\교보문고_종합_베스트셀러_상품리스트 (14).xlsx
42,0.2171387092439724,0.6514161277319173,9791167764119,세종의 나라 1,김진명,이타북스,9,19,../data/raw/top-list\교보문고_종합_베스트셀러_상품리스트 (24).xlsx
43,0.19794866372215741,0.34285714285714286,9788901296906,그 많던 싱아는 누가 다 먹었을까(박완서 X 이옥토 리커버 특별판),박완서,웅진지식하우스,3,14,../data/raw/top-list\교보문고_종합_베스트셀러_상품리스트 (53).xlsx
44,0.19292186571598335,0.3858437314319667,9791175910683,나의 사탄,백은별,위즈덤하우스,4,17,../data/raw/top-list\교보문고_종합_베스트셀러_상품리스트 (20).xlsx
45,0.1852903108498319,0.6418644650842793,9788937443848,이방인,알베르 카뮈,민음사,12,20,../data/raw/top-list\교보문고_종합_베스트셀러_상품리스트 (15).xlsx
46,0.1781352849518147,0.5908079021082118,9788937461033,인간 실격,다자이 오사무,민음사,11,19,../data/raw/top-list\교보문고_종합_베스트셀러_상품리스트 (17).xlsx
47,0.16622857024123291,0.40717517776341305,9791141602567,치즈 이야기,조예은,문학동네,6,20,../data/raw/top-list\교보문고_종합_베스트셀러_상품리스트 (51).xlsx
48,0.1611086644116404,0.39463402094981037,9788925588650,마션(스페셜 에디션),앤디 위어,알에이치코리아,6,19,../data/raw/top-list\교보문고_종합_베스트셀러_상품리스트 (23).xlsx
49,0.14943183437849136,0.2588235294117647,9791175773370,신 퇴마록 신세편 1,이우혁,반타,3,10,../data/raw/top-list\교보문고_종합_베스트셀러_상품리스트 (14).xlsx
50,0.1455636408882216,0.3254901960784314,9791130681009,떠난 것은 돌아오지 않는다,줄리언 반스,다산책방,5,20,../data/raw/top-list\교보문고_종합_베스트셀러_상품리스트 (33).xlsx
51,0.14474206349206348,0.28948412698412695,9791194531395,우리동네 도서관,차인표,사유와공감,4,16,../data/raw/top-list\교보문고_종합_베스트셀러_상품리스트 (17).xlsx
52,0.14081795397584873,0.28163590795169746,9791193078563,토막 난 우주를 안고서,김초엽 외,허블,4,19,../data/raw/top-list\교보문고_종합_베스트셀러_상품리스트 (58).xlsx
53,0.13930187459599225,0.2786037491919845,9791130674643,눈과 돌멩이(제49회 이상문학상 작품집 2026년),위수정 외,다산책방,4,17,../data/raw/top-list\교보문고_종합_베스트셀러_상품리스트 (33).xlsx
54,0.1353879652225556,0.2344988344988345,9791172134297,인비인,성해나,한겨레출판,3,13,../data/raw/top-list\교보문고_종합_베스트셀러_상품리스트 (14).xlsx
55,0.13363095238095238,0.26726190476190476,9791193904213,내게 남은 스물다섯 번의 계절,슈테판 셰퍼,서삼독,4,16,../data/raw/top-list\교보문고_종합_베스트셀러_상품리스트 (58).xlsx
56,0.12777009342020856,0.28570261437908495,9791171713929,여름은 고작 계절,김서해,위즈덤하우스,5,20,../data/raw/top-list\교보문고_종합_베스트셀러_상품리스트 (56).xlsx
57,0.12453007518796992,0.24906015037593984,9788960909878,해파리 만개,김초엽,마음산책,4,19,../data/raw/top-list\교보문고_종합_베스트셀러_상품리스트 (21).xlsx
58,0.11490485194281397,0.1625,9791167903662,매스커레이드 라이프,히가시노 게이고,현대문학,2,16,../data/raw/top-list\교보문고_종합_베스트셀러_상품리스트 (14).xlsx
59,0.1111111111111111,0.1111111111111111,9791167376442,여러 개의 북을 두드리며,올가 토카르추크,은행나무,1,9,../data/raw/top-list\교보문고_종합_베스트셀러_상품리스트 (24).xlsx
60,0.10212118731989704,0.17687908496732024,9791141615055,쥬디 할머니,박완서,문학동네,3,18,../data/raw/top-list\교보문고_종합_베스트셀러_상품리스트 (32).xlsx
61,0.10149858103156184,0.14354066985645933,9791159922527,저항의 멜랑콜리,크러스너호르커이 라슬로,알마,2,19,../data/raw/top-list\교보문고_종합_베스트셀러_상품리스트 (45).xlsx
62,0.10043302863805605,0.17395510835913314,9791173830235,비밀 속의 비밀 1,댄 브라운,문학수첩,3,17,../data/raw/top-list\교보문고_종합_베스트셀러_상품리스트 (38).xlsx
63,0.1,0.1,9791173573910,돌비공포라디오 더 레드,돌비,아르테(arte),1,10,../data/raw/top-list\교보문고_종합_베스트셀러_상품리스트 (57).xlsx
64,0.09533876155697109,0.1651315789473684,9791130664903,너무 늦은 시간,클레어 키건,다산책방,3,19,../data/raw/top-list\교보문고_종합_베스트셀러_상품리스트 (59).xlsx
65,0.09533876155697109,0.1651315789473684,9788932044057,소설 보다: 여름 2025,김지연 외,문학과지성사,3,20,../data/raw/top-list\교보문고_종합_베스트셀러_상품리스트 (59).xlsx
66,0.08333333333333333,0.08333333333333333,9788937446238,디 에센셜: 제인 오스틴(교보문고 특별판),제인 오스틴,민음사,1,12,../data/raw/top-list\교보문고_종합_베스트셀러_상품리스트 (41).xlsx
67,0.08333333333333333,0.08333333333333333,2090000163315,페스트,알베르 카뮈,문학동네,1,12,../data/raw/top-list\교보문고_종합_베스트셀러_상품리스트 (35).xlsx
68,0.08333333333333333,0.08333333333333333,9791193235966,윗집 부부,황보름,클레이하우스,1,12,../data/raw/top-list\교보문고_종합_베스트셀러_상품리스트 (15).xlsx
69,0.08141032020239855,0.11513157894736842,9791141617226,시간의 감촉,은희경,문학동네,2,19,../data/raw/top-list\교보문고_종합_베스트셀러_상품리스트 (14).xlsx
70,0.08087822660630445,0.11437908496732026,9788936439965,아코디언,천명관,창비,2,18,../data/raw/top-list\교보문고_종합_베스트셀러_상품리스트 (15).xlsx
71,0.08087822660630445,0.11437908496732026,9791193904565,일곱 번째는 내가 아니다,폴 클리브,서삼독,2,17,../data/raw/top-list\교보문고_종합_베스트셀러_상품리스트 (48).xlsx
72,0.07692307692307693,0.07692307692307693,9791168342934,저주토끼(10만 부 기념 리미티드 에디션),정보라,래빗홀,1,13,../data/raw/top-list\교보문고_종합_베스트셀러_상품리스트 (54).xlsx
73,0.07692307692307693,0.07692307692307693,9791193790960,해리 포터와 불의 잔(인터랙티브 에디션),J.K. 롤링,문학수첩,1,13,../data/raw/top-list\교보문고_종합_베스트셀러_상품리스트 (46).xlsx
74,0.07463904912524667,0.10555555555555556,9788937463952,월든,헨리 데이비드 소로,민음사,2,18,../data/raw/top-list\교보문고_종합_베스트셀러_상품리스트 (56).xlsx
75,0.06666666666666667,0.06666666666666667,9791199757684,우리는 가장 밝은 밤에 헤어졌다,표도르 도스토옙스키,윌마,1,15,../data/raw/top-list\교보문고_종합_베스트셀러_상품리스트 (14).xlsx
76,0.06666666666666667,0.06666666666666667,9791173323188,멜론은 어쩌다,아밀,비채,1,15,../data/raw/top-list\교보문고_종합_베스트셀러_상품리스트 (44).xlsx
77,0.0625,0.0625,9791169085366,빛의 조각들,연여름,오리지널스,1,16,../data/raw/top-list\교보문고_종합_베스트셀러_상품리스트 (43).xlsx
78,0.0625,0.0625,9788970134796,은하수를 여행하는 히치하이커를 위한 안내서 1,더글러스 애덤스,책세상,1,16,../data/raw/top-list\교보문고_종합_베스트셀러_상품리스트 (25).xlsx
79,0.058823529411764705,0.058823529411764705,9788965234555,지워진 대한제국 황후,권현숙,기파랑,1,17,../data/raw/top-list\교보문고_종합_베스트셀러_상품리스트 (24).xlsx
80,0.058823529411764705,0.058823529411764705,9791141602024,제16회 젊은작가상 수상작품집(2025),백온유 외,문학동네,1,17,../data/raw/top-list\교보문고_종합_베스트셀러_상품리스트 (61).xlsx
81,0.05555555555555555,0.05555555555555555,9791124575178,달러구트 꿈 백화점 0,이미예,팩토리나인,1,18,../data/raw/top-list\교보문고_종합_베스트셀러_상품리스트 (14).xlsx
82,0.05555555555555555,0.05555555555555555,9791130676029,김약국의 딸들(한국문학의 거장 박경리 탄생 100주년 기념 특별판),박경리,다산책방,1,18,../data/raw/top-list\교보문고_종합_베스트셀러_상품리스트 (21).xlsx
83,0.05555555555555555,0.05555555555555555,9788970135472,은하수를 여행하는 히치하이커를 위한 안내서(합본),더글러스 애덤스,책세상,1,18,../data/raw/top-list\교보문고_종합_베스트셀러_상품리스트 (20).xlsx
84,0.05555555555555555,0.05555555555555555,9791162203620,파과,구병모,위즈덤하우스,1,18,../data/raw/top-list\교보문고_종합_베스트셀러_상품리스트 (61).xlsx
85,0.05263157894736842,0.05263157894736842,9791194996057,30/3 김영하 30주년 기념 도서 세트,김영하,복복서가,1,19,../data/raw/top-list\교보문고_종합_베스트셀러_상품리스트 (41).xlsx
86,0.05263157894736842,0.05263157894736842,9791194368427,연희동 러너,임지형,상상스퀘어,1,19,../data/raw/top-list\교보문고_종합_베스트셀러_상품리스트 (52).xlsx
87,0.05263157894736842,0.05263157894736842,9791130642574,작은 땅의 야수들(백호 에디션),김주혜,다산책방,1,19,../data/raw/top-list\교보문고_종합_베스트셀러_상품리스트 (61).xlsx
